Section,Field,Your Input
Business,Primary WhatsApp goal,
Business,Target customer,
Profile,Business description,
Catalog,Top product or service,
Lead Source,Instagram/Facebook/Website/Offline,
Pipeline,New lead label,
Pipeline,Qualified label,
Pipeline,Awaiting payment label,
Pipeline,Customer label,
Broadcast,Segment 1,
Broadcast,Segment 2,
Broadcast,Opt-in source,
Status,Content pillar 1,
Status,Content pillar 2,
Status,Content pillar 3,
Sales,Opening question,
Sales,Top objection,
Sales,Closing message,
Follow-up,Day 1,
Follow-up,Day 3,
Follow-up,Day 7,
Metrics,Response time target,
Metrics,Qualified conversation target,
Metrics,Close-rate target,
